[
  {
    "value": "TU Berlin",
    "synonyms": [
      "TU Berlin"
    ]
  },
  {
    "value": "TU Campus",
    "synonyms": [
      "TU Campus"
    ]
  },
  {
    "value": "Zoologischer Garten",
    "synonyms": [
      "Zoologischer Garten"
    ]
  },
  {
    "value": "10559 Berlin",
    "synonyms": [
      "10559 Berlin"
    ]
  },
  {
    "value": "Schlossallee 1",
    "synonyms": [
      "Schlossallee 1"
    ]
  },
  {
    "value": "Kurfürstendamm",
    "synonyms": [
      "Kurfürstendamm"
    ]
  },
  {
    "value": "Straße des 17. Juni, 10623 Berlin",
    "synonyms": [
      "Straße des 17. Juni, 10623 Berlin"
    ]
  },
  {
    "value": "Charlottenburg ",
    "synonyms": [
      "Charlottenburg "
    ]
  },
  {
    "value": "Wilsnacker Straße Berlin",
    "synonyms": [
      "Wilsnacker Straße Berlin"
    ]
  },
  {
    "value": "Berlin Kreuzberg",
    "synonyms": [
      "Berlin Kreuzberg"
    ]
  }
]