[
  {
    "id": "b42e8ee6-435d-4a7d-a2f2-4e4a5486aeb8",
    "data": [
      {
        "text": "please suggest something for me",
        "userDefined": false
      }
    ],
    "isTemplate": false,
    "count": 0,
    "updated": 0
  },
  {
    "id": "78de329c-79c9-44bf-acba-1d8be6311047",
    "data": [
      {
        "text": "why don\u0027t you suggest something?",
        "userDefined": false
      }
    ],
    "isTemplate": false,
    "count": 0,
    "updated": 0
  },
  {
    "id": "6f76e4be-54c4-42c0-bc77-454d48faf2e8",
    "data": [
      {
        "text": "i would like some suggestions",
        "userDefined": false
      }
    ],
    "isTemplate": false,
    "count": 0,
    "updated": 0
  },
  {
    "id": "7e576cc8-7f8c-407f-a95c-99a06d2a9d80",
    "data": [
      {
        "text": "help me out here",
        "userDefined": false
      }
    ],
    "isTemplate": false,
    "count": 0,
    "updated": 0
  },
  {
    "id": "eaa3f226-d652-4806-8e82-d72dfb1be1ed",
    "data": [
      {
        "text": "I need help deciding",
        "userDefined": false
      }
    ],
    "isTemplate": false,
    "count": 0,
    "updated": 0
  },
  {
    "id": "1a9d68e8-e66a-45bb-996c-27b12330f7c9",
    "data": [
      {
        "text": "I want some ideas",
        "userDefined": false
      }
    ],
    "isTemplate": false,
    "count": 0,
    "updated": 0
  },
  {
    "id": "e1e0696e-41f5-4a31-8b2b-019bdff99bf5",
    "data": [
      {
        "text": "give me a recommendation",
        "userDefined": false
      }
    ],
    "isTemplate": false,
    "count": 0,
    "updated": 0
  },
  {
    "id": "5fec32c8-8b4a-47e8-bf4f-7e6b72b44a36",
    "data": [
      {
        "text": "please recommend something",
        "userDefined": false
      }
    ],
    "isTemplate": false,
    "count": 0,
    "updated": 0
  },
  {
    "id": "51ddc399-a185-4df6-8ad5-5b746611a723",
    "data": [
      {
        "text": "no idea",
        "userDefined": false
      }
    ],
    "isTemplate": false,
    "count": 0,
    "updated": 0
  },
  {
    "id": "975c83d8-95e0-4222-9f68-8a8d14116d1a",
    "data": [
      {
        "text": "i am hungry",
        "userDefined": false
      }
    ],
    "isTemplate": false,
    "count": 0,
    "updated": 0
  },
  {
    "id": "de684514-f153-4988-825c-f8b2c6749266",
    "data": [
      {
        "text": "i don\u0027t know yet",
        "userDefined": false
      }
    ],
    "isTemplate": false,
    "count": 0,
    "updated": 0
  },
  {
    "id": "2a540113-10f7-444d-ade4-e1d6ecfe4919",
    "data": [
      {
        "text": "iam unsure",
        "userDefined": false
      }
    ],
    "isTemplate": false,
    "count": 0,
    "updated": 0
  },
  {
    "id": "57b65677-81ea-461f-a16d-9f93cd985951",
    "data": [
      {
        "text": "why don\u0027t you recommend something?",
        "userDefined": false
      }
    ],
    "isTemplate": false,
    "count": 0,
    "updated": 0
  },
  {
    "id": "751dc03e-511b-47df-bb46-c45a666e4a5d",
    "data": [
      {
        "text": "i\u0027m not sure",
        "userDefined": false
      }
    ],
    "isTemplate": false,
    "count": 0,
    "updated": 0
  },
  {
    "id": "06406b49-e3a4-4a90-a90c-81c178df20f7",
    "data": [
      {
        "text": "Can you recommend something?",
        "userDefined": false
      }
    ],
    "isTemplate": false,
    "count": 0,
    "updated": 0
  },
  {
    "id": "aaac7ed7-0f39-41eb-97cc-0ec550fbd0b1",
    "data": [
      {
        "text": "i am not sure yet",
        "userDefined": false
      }
    ],
    "isTemplate": false,
    "count": 0,
    "updated": 0
  },
  {
    "id": "e4ed2d08-1d42-48c9-8f6d-9110720779dc",
    "data": [
      {
        "text": "I dont know",
        "userDefined": false
      }
    ],
    "isTemplate": false,
    "count": 0,
    "updated": 0
  }
]