[
  {
    "id": "ce3316ba-8d71-44d2-8701-c4dfb9d137b1",
    "data": [
      {
        "text": "Tim",
        "alias": "given-name",
        "meta": "@sys.given-name",
        "userDefined": true
      }
    ],
    "isTemplate": false,
    "count": 0,
    "updated": 0
  },
  {
    "id": "e90921f7-dba3-4734-9a54-b0677669bfc8",
    "data": [
      {
        "text": "tomorrow at noon",
        "alias": "date-time",
        "meta": "@sys.date-time",
        "userDefined": true
      }
    ],
    "isTemplate": false,
    "count": 0,
    "updated": 0
  },
  {
    "id": "d2cc966b-7f23-44cb-82ab-a6b76d6948fb",
    "data": [
      {
        "text": "tonight 6 o\u0027clock",
        "alias": "date-time",
        "meta": "@sys.date-time",
        "userDefined": false
      },
      {
        "text": " for ",
        "userDefined": false
      },
      {
        "text": "Wang",
        "alias": "given-name",
        "meta": "@sys.given-name",
        "userDefined": true
      },
      {
        "text": ".",
        "userDefined": false
      }
    ],
    "isTemplate": false,
    "count": 0,
    "updated": 0
  },
  {
    "id": "3010127e-18f7-404d-a135-9bc1e8ada6d2",
    "data": [
      {
        "text": "yes",
        "userDefined": false
      }
    ],
    "isTemplate": false,
    "count": 1,
    "updated": 0
  },
  {
    "id": "4989da72-8045-4692-9140-c0fd095c77f9",
    "data": [
      {
        "text": "yes please",
        "userDefined": false
      }
    ],
    "isTemplate": false,
    "count": 0,
    "updated": 0
  },
  {
    "id": "9f1ff218-a4a0-44b0-a35f-13ebd05cf487",
    "data": [
      {
        "text": "yeah",
        "userDefined": false
      }
    ],
    "isTemplate": false,
    "count": 0,
    "updated": 0
  },
  {
    "id": "b625499a-4cab-465b-bc5d-6982e11a3a65",
    "data": [
      {
        "text": "please reserve a table for family ",
        "userDefined": false
      },
      {
        "text": "Müller",
        "alias": "given-name",
        "meta": "@sys.given-name",
        "userDefined": true
      },
      {
        "text": " ",
        "userDefined": false
      },
      {
        "text": "tonight 6pm.",
        "alias": "date-time",
        "meta": "@sys.date-time",
        "userDefined": true
      }
    ],
    "isTemplate": false,
    "count": 0,
    "updated": 0
  },
  {
    "id": "e4ec1de8-dea7-4c8b-9196-a2102256d5de",
    "data": [
      {
        "text": "I need a table for ",
        "userDefined": false
      },
      {
        "text": "tonight",
        "alias": "date-time",
        "meta": "@sys.date-time",
        "userDefined": false
      },
      {
        "text": " on the name ",
        "userDefined": false
      },
      {
        "text": "Schröder",
        "alias": "given-name",
        "meta": "@sys.given-name",
        "userDefined": true
      },
      {
        "text": ".",
        "userDefined": false
      }
    ],
    "isTemplate": false,
    "count": 1,
    "updated": 0
  },
  {
    "id": "529ec6c8-53f0-42bc-8226-3f611130f0f0",
    "data": [
      {
        "text": "tonight 6 o\u0027clock",
        "alias": "date-time",
        "meta": "@sys.date-time",
        "userDefined": false
      },
      {
        "text": " for ",
        "userDefined": false
      },
      {
        "text": "Tim",
        "alias": "given-name",
        "meta": "@sys.given-name",
        "userDefined": true
      },
      {
        "text": ".",
        "userDefined": false
      }
    ],
    "isTemplate": false,
    "count": 0,
    "updated": 0
  },
  {
    "id": "9a199178-3397-4a20-84db-75942d16a80a",
    "data": [
      {
        "text": "I need a table for ",
        "userDefined": false
      },
      {
        "text": "nine",
        "alias": "number",
        "meta": "@sys.number",
        "userDefined": false
      },
      {
        "text": " persons ",
        "userDefined": false
      },
      {
        "text": "next week Friday for",
        "alias": "date-time",
        "meta": "@sys.date-time",
        "userDefined": true
      },
      {
        "text": " ",
        "userDefined": false
      },
      {
        "text": "6pm",
        "alias": "date-time",
        "meta": "@sys.date-time",
        "userDefined": false
      },
      {
        "text": ".",
        "userDefined": false
      }
    ],
    "isTemplate": false,
    "count": 0,
    "updated": 0
  },
  {
    "id": "a70f87da-db3e-4e07-bdd2-cc2191afa269",
    "data": [
      {
        "text": "three",
        "alias": "number",
        "meta": "@sys.number",
        "userDefined": true
      },
      {
        "text": " persons ",
        "userDefined": false
      },
      {
        "text": "tonight 9pm",
        "alias": "date-time",
        "meta": "@sys.date-time",
        "userDefined": false
      },
      {
        "text": " for ",
        "userDefined": false
      },
      {
        "text": "Anna",
        "alias": "given-name",
        "meta": "@sys.given-name",
        "userDefined": true
      },
      {
        "text": ".",
        "userDefined": false
      }
    ],
    "isTemplate": false,
    "count": 0,
    "updated": 0
  },
  {
    "id": "2e54a16f-0c50-4ab5-810d-a24e67ddda46",
    "data": [
      {
        "text": "sure",
        "userDefined": false
      }
    ],
    "isTemplate": false,
    "count": 1,
    "updated": 0
  },
  {
    "id": "ba691fc7-7dad-47a3-9280-ac88fb52f6f0",
    "data": [
      {
        "text": "I want a table for ",
        "userDefined": false
      },
      {
        "text": "4",
        "alias": "number",
        "meta": "@sys.number",
        "userDefined": false
      },
      {
        "text": " persons ",
        "userDefined": false
      },
      {
        "text": "tomorrow nine pm",
        "alias": "date-time",
        "meta": "@sys.date-time",
        "userDefined": true
      }
    ],
    "isTemplate": false,
    "count": 0,
    "updated": 0
  }
]